category,period,amount,actual_roi
Marketing,2024-01,200000.0,1.4
Engineering,2024-01,381486.57,1.68
Sales,2024-01,218844.19,1.29
Operations,2024-01,163862.13,1.06
HR,2024-01,121258.73,0.99
Legal,2024-01,87123.38,0.96
R&D,2024-01,246077.65,1.54
Infrastructure,2024-01,136781.1,1.23
Customer Support,2024-01,91875.23,1.34
Administration,2024-01,65214.55,1.0
Marketing,2024-02,214112.41,1.42
Engineering,2024-02,373377.09,1.69
Sales,2024-02,206335.31,1.27
Operations,2024-02,170853.48,1.04
HR,2024-02,129291.61,0.98
Legal,2024-02,84691.4,0.97
R&D,2024-02,232873.9,1.56
Infrastructure,2024-02,143656.27,1.24
Customer Support,2024-02,97499.21,1.33
Administration,2024-02,62986.55,0.98
Marketing,2024-03,220392.32,1.43
Engineering,2024-03,352361.21,1.69
Sales,2024-03,202915.94,1.26
Operations,2024-03,184048.1,1.02
HR,2024-03,132125.07,0.98
Legal,2024-03,79704.85,0.99
R&D,2024-03,230968.5,1.58
Infrastructure,2024-03,154925.38,1.24
Customer Support,2024-03,98901.83,1.32
Administration,2024-03,59165.32,0.96
Marketing,2024-04,215758.34,1.44
Engineering,2024-04,332460.72,1.67
Sales,2024-04,211460.92,1.24
Operations,2024-04,196097.42,1.01
HR,2024-04,128477.11,0.99
Legal,2024-04,75479.65,1.01
R&D,2024-04,242427.11,1.59
Infrastructure,2024-04,164298.68,1.23
Customer Support,2024-04,95559.83,1.3
Administration,2024-04,56287.14,0.94
Marketing,2024-05,203749.27,1.44
Engineering,2024-05,327020.81,1.66
Sales,2024-05,227587.67,1.22
Operations,2024-05,200347.6,1.01
HR,2024-05,120997.27,1.01
Legal,2024-05,74869.92,1.03
R&D,2024-05,261208.97,1.59
Infrastructure,2024-05,166636.38,1.22
Customer Support,2024-05,89827.98,1.28
Administration,2024-05,56316.24,0.94
Marketing,2024-06,192377.56,1.42
Engineering,2024-06,340615.1,1.64
Sales,2024-06,242314.62,1.21
Operations,2024-06,194875.66,1.02
HR,2024-06,114659.47,1.03
Legal,2024-06,78536.67,1.04
R&D,2024-06,276831.14,1.58
Infrastructure,2024-06,161066.38,1.2
Customer Support,2024-06,85510.71,1.26
Administration,2024-06,59453.35,0.94
Marketing,2024-07,189269.04,1.41
Engineering,2024-07,366271.3,1.62
Sales,2024-07,247509.29,1.21
Operations,2024-07,183655.91,1.04
HR,2024-07,113744.88,1.05
Legal,2024-07,84546.87,1.04
R&D,2024-07,280727.3,1.57
Infrastructure,2024-07,151513.31,1.18
Customer Support,2024-07,85554.36,1.26
Administration,2024-07,64013.9,0.96
Marketing,2024-08,197037.2,1.39
Engineering,2024-08,389700.54,1.61
Sales,2024-08,240821.36,1.22
Operations,2024-08,174149.21,1.06
HR,2024-08,119245.01,1.06
Legal,2024-08,89545.97,1.03
R&D,2024-08,271443.97,1.55
Infrastructure,2024-08,144317.85,1.16
Customer Support,2024-08,90260.02,1.26
Administration,2024-08,67449.9,0.98
Marketing,2024-09,211697.89,1.37
Engineering,2024-09,397964.78,1.61
Sales,2024-09,227108.33,1.24
Operations,2024-09,172777.32,1.08
HR,2024-09,128260.31,1.06
Legal,2024-09,90792.74,1.02
R&D,2024-09,255522.18,1.53
Infrastructure,2024-09,144390.6,1.16
Customer Support,2024-09,97100.85,1.28
Administration,2024-09,67895.49,1.0
Marketing,2024-10,225086.02,1.36
Engineering,2024-10,387324.89,1.62
Sales,2024-10,215489.04,1.26
Operations,2024-10,181027.52,1.09
HR,2024-10,135758.95,1.05
Legal,2024-10,87822.07,1.0
R&D,2024-10,243529.74,1.51
Infrastructure,2024-10,152233.36,1.16
Customer Support,2024-10,102254.86,1.3
Administration,2024-10,65298.75,1.01
Marketing,2024-11,229808.45,1.36
Engineering,2024-11,365508.71,1.64
Sales,2024-11,213812.28,1.28
Operations,2024-11,194550.46,1.09
HR,2024-11,137629.1,1.04
Legal,2024-11,82727.1,0.98
R&D,2024-11,243651.0,1.51
Infrastructure,2024-11,163634.75,1.18
Customer Support,2024-11,102923.24,1.32
Administration,2024-11,61453.2,1.02
Marketing,2024-12,223728.51,1.37
Engineering,2024-12,347023.47,1.66
Sales,2024-12,223895.86,1.29
Operations,2024-12,205798.42,1.08
HR,2024-12,133173.11,1.02
Legal,2024-12,78889.52,0.96
R&D,2024-12,256722.27,1.51
Infrastructure,2024-12,172224.76,1.2
Customer Support,2024-12,99028.13,1.33
Administration,2024-12,58909.87,1.02
Marketing,2025-01,211262.12,1.39
Engineering,2025-01,344355.9,1.68
Sales,2025-01,240423.89,1.29
Operations,2025-01,208603.66,1.07
HR,2025-01,125530.64,1.0
Legal,2025-01,78928.32,0.96
R&D,2025-01,275724.59,1.53
Infrastructure,2025-01,173338.74,1.22
Customer Support,2025-01,93259.8,1.34
Administration,2025-01,59429.88,1.01
Marketing,2025-02,200699.12,1.41
Engineering,2025-02,360397.95,1.69
Sales,2025-02,254171.4,1.28
Operations,2025-02,201919.66,1.05
HR,2025-02,119774.28,0.98
Legal,2025-02,83111.13,0.96
R&D,2025-02,290041.27,1.55
Infrastructure,2025-02,166846.88,1.23
Customer Support,2025-02,89444.8,1.34
Administration,2025-02,62916.17,0.99
Marketing,2025-03,199174.8,1.43
Engineering,2025-03,386692.56,1.69
Sales,2025-03,257600.02,1.27
Operations,2025-03,190455.97,1.03
HR,2025-03,119832.48,0.98
Legal,2025-03,89191.87,0.98
R&D,2025-03,291897.89,1.57
Infrastructure,2025-03,157233.0,1.24
Customer Support,2025-03,90224.82,1.33
Administration,2025-03,67472.38,0.97
Marketing,2025-04,208341.69,1.44
Engineering,2025-04,408563.6,1.68
Sales,2025-04,249430.69,1.25
Operations,2025-04,181821.41,1.01
HR,2025-04,126106.69,0.98
Legal,2025-04,93773.21,1.0
R&D,2025-04,281078.14,1.58
Infrastructure,2025-04,150874.67,1.24
Customer Support,2025-04,95454.26,1.31
Administration,2025-04,70553.14,0.95
Marketing,2025-05,223367.18,1.44
Engineering,2025-05,414018.22,1.67
Sales,2025-05,235419.51,1.23
Operations,2025-05,181908.72,1.01
HR,2025-05,135227.8,1.0
Legal,2025-05,94367.33,1.02
R&D,2025-05,265055.0,1.59
Infrastructure,2025-05,152174.69,1.23
Customer Support,2025-05,102288.57,1.29
Administration,2025-05,70508.07,0.94
Marketing,2025-06,235864.91,1.43
Engineering,2025-06,401021.56,1.65
Sales,2025-06,224866.17,1.21
Operations,2025-06,191320.04,1.01
HR,2025-06,142099.81,1.02
Legal,2025-06,90905.0,1.03
R&D,2025-06,254457.78,1.59
Infrastructure,2025-06,160890.43,1.21
Customer Support,2025-06,106909.71,1.27
Administration,2025-06,67582.89,0.94
Marketing,2025-07,238981.84,1.42
Engineering,2025-07,378731.05,1.63
Sales,2025-07,224972.88,1.21
Operations,2025-07,205001.7,1.03
HR,2025-07,142990.99,1.04
Legal,2025-07,85777.6,1.04
R&D,2025-07,256624.49,1.58
Infrastructure,2025-07,172280.95,1.19
Customer Support,2025-07,106842.11,1.26
Administration,2025-07,63770.34,0.95
Marketing,2025-08,231555.18,1.4
Engineering,2025-08,361941.64,1.61
Sales,2025-08,236475.6,1.21
Operations,2025-08,215309.71,1.05
HR,2025-08,137797.51,1.05
Legal,2025-08,82386.49,1.04
R&D,2025-08,271150.71,1.56
Infrastructure,2025-08,179982.85,1.17
Customer Support,2025-08,102454.34,1.26
Administration,2025-08,61601.43,0.97
Marketing,2025-09,218817.74,1.38
Engineering,2025-09,362111.4,1.61
Sales,2025-09,253197.64,1.23
Operations,2025-09,216646.48,1.07
HR,2025-09,130106.4,1.06
Legal,2025-09,83079.84,1.03
R&D,2025-09,290134.91,1.54
Infrastructure,2025-09,179870.19,1.16
Customer Support,2025-09,96735.51,1.27
Administration,2025-09,62610.17,0.99
Marketing,2025-10,209223.79,1.36
Engineering,2025-10,380411.18,1.61
Sales,2025-10,265796.32,1.25
Operations,2025-10,208856.26,1.08
HR,2025-10,125019.73,1.06
Legal,2025-10,87728.23,1.01
R&D,2025-10,302971.41,1.52
Infrastructure,2025-10,172557.23,1.16
Customer Support,2025-10,93482.14,1.29
Administration,2025-10,66403.04,1.0
Marketing,2025-11,209320.8,1.36
Engineering,2025-11,407014.42,1.63
Sales,2025-11,267430.15,1.27
Operations,2025-11,197319.6,1.09
HR,2025-11,126059.75,1.05
Legal,2025-11,93803.17,0.99
R&D,2025-11,302783.64,1.51
Infrastructure,2025-11,163025.84,1.17
Customer Support,2025-11,94995.25,1.31
Administration,2025-11,70897.7,1.02
Marketing,2025-12,219777.82,1.36
Engineering,2025-12,427057.78,1.65
Sales,2025-12,257908.76,1.28
Operations,2025-12,189689.6,1.09
HR,2025-12,133032.34,1.03
Legal,2025-12,97910.85,0.97
R&D,2025-12,290595.38,1.51
Infrastructure,2025-12,157603.57,1.19
Customer Support,2025-12,100684.55,1.32
Administration,2025-12,73586.14,1.02
Marketing,2026-01,210000.0,1.4
Engineering,2026-01,360000.0,1.65
Sales,2026-01,225000.0,1.25
Operations,2026-01,180000.0,1.05
HR,2026-01,120000.0,1.02
Legal,2026-01,80000.0,1.0
R&D,2026-01,260000.0,1.55
Infrastructure,2026-01,155000.0,1.2
Customer Support,2026-01,95000.0,1.3
Administration,2026-01,60000.0,0.98
Marketing,2026-02,220000.0,1.42
Engineering,2026-02,380000.0,1.68
Sales,2026-02,230000.0,1.26
Operations,2026-02,185000.0,1.05
HR,2026-02,122000.0,1.01
Legal,2026-02,82000.0,1.0
R&D,2026-02,270000.0,1.56
Infrastructure,2026-02,160000.0,1.22
Customer Support,2026-02,98000.0,1.32
Administration,2026-02,62000.0,0.97
Marketing,2026-03,230000.0,1.44
Engineering,2026-03,395000.0,1.7
Sales,2026-03,240000.0,1.28
Operations,2026-03,190000.0,1.06
HR,2026-03,125000.0,1.03
Legal,2026-03,85000.0,1.01
R&D,2026-03,280000.0,1.58
Infrastructure,2026-03,165000.0,1.23
Customer Support,2026-03,100000.0,1.35
Administration,2026-03,65000.0,0.99
